Sample,Barcode sequence
PV_SWGA_NEW1,CAGATC+TCCTCG
PV_SWGA_NEW10,CAGATC+TTGACT
PV_SWGA_NEW11,CAGATC+GCTGGT
PV_SWGA_NEW12,CAGATC+GTTCCA
PV_SWGA_NEW13,CAGATC+CATAGG
PV_SWGA_NEW14,CAGATC+CACTGT
PV_SWGA_NEW15,CAGATC+GACGGT
PV_SWGA_NEW16,CAGATC+CAGATG
PV_SWGA_NEW17,CAGATC+CGGTTG
PV_SWGA_NEW18,CAGATC+CCTTGT
PV_SWGA_NEW19,CAGATC+GTAGTT
PV_SWGA_NEW2,CAGATC+GTGATT
PV_SWGA_NEW20,CAGATC+GCTTGC
PV_SWGA_NEW21,CAGATC+GTCGCA
PV_SWGA_NEW22,CAGATC+GCCTGA
PV_SWGA_NEW23,CAGATC+AGATGG
PV_SWGA_NEW24,CAGATC+CGTCAG
PV_SWGA_NEW25,CAGATC+AGTGCC
PV_SWGA_NEW26,CAGATC+TAACAG
PV_SWGA_NEW27,CAGATC+ATTGAC
PV_SWGA_NEW28,CAGATC+TCTCAT
PV_SWGA_NEW29,CAGATC+ATGTCA
PV_SWGA_NEW3,CAGATC+GACTTG
PV_SWGA_NEW30,CAGATC+TGAATT
PV_SWGA_NEW31,CAGATC+TGACTG
PV_SWGA_NEW32,CAGATC+CAACTA
PV_SWGA_NEW33,CAGATC+GCCTAC
PV_SWGA_NEW34,CAGATC+CCGCTA
PV_SWGA_NEW35,CAGATC+ACGCGG
PV_SWGA_NEW36,CAGATC+CACTTA
PV_SWGA_NEW37,CAGATC+GTAGAC
PV_SWGA_NEW38,CAGATC+AACTCC
PV_SWGA_NEW39,CAGATC+GACCGC
PV_SWGA_NEW4,CAGATC+GAGGTA
PV_SWGA_NEW40,CAGATC+TAACTT
PV_SWGA_NEW41,CAGATC+CTCAGG
PV_SWGA_NEW42,CAGATC+CTTGGT
PV_SWGA_NEW43,CAGATC+TGAGAT
PV_SWGA_NEW44,CAGATC+TTATCT
PV_SWGA_NEW45,CAGATC+CTCGAG
PV_SWGA_NEW46,CAGATC+TCCACC
PV_SWGA_NEW47,CAGATC+CATTCC
PV_SWGA_NEW48,CAGATC+TTGCTT
PV_SWGA_NEW49,CAGATC+TGGAGT
PV_SWGA_NEW5,CAGATC+CGAGTT
PV_SWGA_NEW50,CAGATC+CAGAAC
PV_SWGA_NEW51,CAGATC+TTCGTT
PV_SWGA_NEW52,CAGATC+GGCAGC
PV_SWGA_NEW53,CAGATC+CGACAT
PV_SWGA_NEW54,CAGATC+CCTGTT
PV_SWGA_NEW55,CAGATC+AGACCA
PV_SWGA_NEW56,CAGATC+ACTACC
PV_SWGA_NEW57,CAGATC+CATGCG
PV_SWGA_NEW58,CAGATC+ACAGTC
PV_SWGA_NEW59,CAGATC+AACTAG
PV_SWGA_NEW6,CAGATC+GATGCA
PV_SWGA_NEW60,CAGATC+GCTGTC
PV_SWGA_NEW61,CAGATC+TCGGTA
PV_SWGA_NEW62,CAGATC+CGGACA
PV_SWGA_NEW63,CAGATC+CGAACT
PV_SWGA_NEW64,CAGATC+TATTGG
PV_SWGA_NEW65,CAGATC+ACGGAA
PV_SWGA_NEW66,CAGATC+TTCTCA
PV_SWGA_NEW67,CAGATC+TACATC
PV_SWGA_NEW68,CAGATC+TCACGA
PV_SWGA_NEW69,CAGATC+TGTGAG
PV_SWGA_NEW7,CAGATC+ATACTG
PV_SWGA_NEW70,CAGATC+GAACAC
PV_SWGA_NEW71,CAGATC+GGTTCC
PV_SWGA_NEW72,CAGATC+GTTGAT
PV_SWGA_NEW73,CAGATC+GTGAAC
PV_SWGA_NEW74,CAGATC+CAGCGC
PV_SWGA_NEW75,CAGATC+GTGCTC
PV_SWGA_NEW8,CAGATC+GATGTT
PV_SWGA_NEW9,CAGATC+GGTCGG
PV_SWGA_OLD1,ACAGTG+TCCTCG
PV_SWGA_OLD10,ACAGTG+GTTCCA
PV_SWGA_OLD11,ACAGTG+CATAGG
PV_SWGA_OLD12,ACAGTG+CACTGT
PV_SWGA_OLD13,ACAGTG+CGGTTG
PV_SWGA_OLD14,ACAGTG+CCTTGT
PV_SWGA_OLD15,ACAGTG+GTAGTT
PV_SWGA_OLD16,ACAGTG+GCTTGC
PV_SWGA_OLD17,ACAGTG+GTCGCA
PV_SWGA_OLD18,ACAGTG+GCCTGA
PV_SWGA_OLD19,ACAGTG+AGTGCC
PV_SWGA_OLD2,ACAGTG+GTGATT
PV_SWGA_OLD20,ACAGTG+TAACAG
PV_SWGA_OLD21,ACAGTG+ATTGAC
PV_SWGA_OLD22,ACAGTG+TCTCAT
PV_SWGA_OLD23,ACAGTG+ATGTCA
PV_SWGA_OLD24,ACAGTG+TGAATT
PV_SWGA_OLD25,ACAGTG+CAACTA
PV_SWGA_OLD26,ACAGTG+GCCTAC
PV_SWGA_OLD27,ACAGTG+CCGCTA
PV_SWGA_OLD28,ACAGTG+ACGCGG
PV_SWGA_OLD29,ACAGTG+CACTTA
PV_SWGA_OLD3,ACAGTG+GACTTG
PV_SWGA_OLD30,ACAGTG+GTAGAC
PV_SWGA_OLD31,ACAGTG+AACTCC
PV_SWGA_OLD32,ACAGTG+GACCGC
PV_SWGA_OLD33,ACAGTG+TAACTT
PV_SWGA_OLD34,ACAGTG+CTCAGG
PV_SWGA_OLD35,ACAGTG+CTTGGT
PV_SWGA_OLD36,ACAGTG+TGAGAT
PV_SWGA_OLD37,ACAGTG+TTATCT
PV_SWGA_OLD38,ACAGTG+CTCGAG
PV_SWGA_OLD39,ACAGTG+TCCACC
PV_SWGA_OLD4,ACAGTG+GAGGTA
PV_SWGA_OLD40,ACAGTG+CATTCC
PV_SWGA_OLD41,ACAGTG+TTGCTT
PV_SWGA_OLD42,ACAGTG+TGGAGT
PV_SWGA_OLD43,ACAGTG+CAGAAC
PV_SWGA_OLD44,ACAGTG+TTCGTT
PV_SWGA_OLD45,ACAGTG+GGCAGC
PV_SWGA_OLD46,ACAGTG+CGACAT
PV_SWGA_OLD47,ACAGTG+CCTGTT
PV_SWGA_OLD48,ACAGTG+AGACCA
PV_SWGA_OLD49,ACAGTG+ACTACC
PV_SWGA_OLD5,ACAGTG+CGAGTT
PV_SWGA_OLD50,ACAGTG+CATGCG
PV_SWGA_OLD51,ACAGTG+ACAGTC
PV_SWGA_OLD52,ACAGTG+AACTAG
PV_SWGA_OLD53,ACAGTG+GCTGTC
PV_SWGA_OLD54,ACAGTG+TCGGTA
PV_SWGA_OLD55,ACAGTG+CGGACA
PV_SWGA_OLD56,ACAGTG+CGAACT
PV_SWGA_OLD57,ACAGTG+TATTGG
PV_SWGA_OLD58,ACAGTG+ACGGAA
PV_SWGA_OLD59,ACAGTG+TTCTCA
PV_SWGA_OLD6,ACAGTG+GATGCA
PV_SWGA_OLD60,ACAGTG+TACATC
PV_SWGA_OLD61,ACAGTG+TCACGA
PV_SWGA_OLD62,ACAGTG+TGTGAG
PV_SWGA_OLD63,ACAGTG+GAACAC
PV_SWGA_OLD64,ACAGTG+GGTTCC
PV_SWGA_OLD65,ACAGTG+GTTGAT
PV_SWGA_OLD66,ACAGTG+GTGAAC
PV_SWGA_OLD67,ACAGTG+CAGCGC
PV_SWGA_OLD68,ACAGTG+GTGCTC
PV_SWGA_OLD7,ACAGTG+GGTCGG
PV_SWGA_OLD8,ACAGTG+TTGACT
PV_SWGA_OLD9,ACAGTG+GCTGGT
